[
  {
    "id": "PL001",
    "category": "pre-paid",
    "offeringDetails": {
      "name": "NX 40GB",
      "plan": {
        "serviceId": "Pre-paid/Mobile",
        "data": "40GB 5G/4G",
        "features": {
          "Hotspot": "Yes",
          "Unlimited calls": "Yes"
        },
        "planId": "PL001"
      }
    },
    "price": 25,
    "isRecurring": false,
    "description": "Enjoy high-speed Internet and hotspot, with all day 5G coverage, unlimited calls",
    "specification": null,
    "locations": [
      "Andhra Pradesh",
      "Himachal Pradesh",
      "Karnataka",
      "Chhattisgarh",
      "Uttar Pradesh",
      "West Bengal",
      "Uttarakhand",
      "Bihar",
      "Delhi",
      "Manipur",
      "Haryana",
      "Kerala",
      "Mizoram",
      "Telangana",
      "Tamil Nadu",
      "Assam"
    ],
    "validityMonths": 1
  },
  {
    "id": "PL002",
    "category": "pre-paid",
    "offeringDetails": {
      "name": "NX 100GB",
      "plan": {
        "serviceId": "Pre-paid/Mobile",
        "data": "100GB 5G/4G",
        "features": {
          "Hotspot": "Yes",
          "Unlimited calls": "Yes"
        },
        "planId": "PL002"
      }
    },
    "price": 35,
    "isRecurring": false,
    "description": "Enjoy high-speed Internet and hotspot, with all day 5G coverage, unlimited calls",
    "specification": null,
    "locations": [
      "Uttarakhand",
      "Bihar",
      "Jammu and Kashmir",
      "Gujarat",
      "Uttar Pradesh",
      "Delhi",
      "Meghalaya",
      "Punjab",
      "Maharashtra",
      "Karnataka",
      "Rajasthan",
      "Telangana",
      "Odisha",
      "Assam",
      "Chhattisgarh",
      "Tripura"
    ],
    "validityMonths": 1
  },
  {
    "id": "PL003",
    "category": "pre-paid",
    "offeringDetails": {
      "name": "UV 100GB",
      "plan": {
        "serviceId": "Pre-paid/Mobile",
        "data": "100GB 5G/4G",
        "features": {
          "Hotspot": "Yes",
          "Unlimited calls": "Yes"
        },
        "planId": "PL003"
      }
    },
    "price": 30,
    "isRecurring": false,
    "description": "Enjoy unlimited Internet and hotspot, with all day 5G coverage, unlimited calls",
    "specification": null,
    "locations": [
      "Andhra Pradesh",
      "Manipur",
      "Bihar",
      "Odisha",
      "Mizoram",
      "Karnataka",
      "Meghalaya",
      "Arunachal Pradesh",
      "Maharashtra",
      "Tamil Nadu",
      "Haryana",
      "Telangana",
      "Nagaland",
      "Jharkhand",
      "Delhi",
      "West Bengal"
    ],
    "validityMonths": 1
  },
  {
    "id": "PL004",
    "category": "pre-paid",
    "offeringDetails": {
      "name": "UV 200GB",
      "plan": {
        "serviceId": "Pre-paid/Mobile",
        "data": "200GB 5G/4G",
        "features": {
          "Hotspot": "Yes",
          "Unlimited calls": "Yes"
        },
        "planId": "PL004"
      }
    },
    "price": 40,
    "isRecurring": false,
    "description": "Enjoy unlimited Internet and hotspot, with all day 5G coverage, unlimited calls",
    "specification": null,
    "locations": [
      "Uttar Pradesh",
      "Kerala",
      "Punjab",
      "Tamil Nadu",
      "Gujarat",
      "Odisha",
      "Himachal Pradesh",
      "West Bengal",
      "Maharashtra",
      "Manipur",
      "Chhattisgarh",
      "Andhra Pradesh",
      "Karnataka",
      "Assam",
      "Jammu and Kashmir"
    ],
    "validityMonths": 1
  },
  {
    "id": "PL005",
    "category": "pre-paid",
    "offeringDetails": {
      "name": "DataSIM 500GB",
      "plan": {
        "serviceId": "Pre-paid/Mobile",
        "data": "500GB 5G/4G",
        "features": {
          "Share": "Yes",
          "High-speed": "Yes"
        },
        "planId": "PL005"
      }
    },
    "price": 65,
    "isRecurring": false,
    "description": "Enjoy and share your massive 500GB data without compromising your 5G/4G Internet speed",
    "specification": null,
    "locations": [
      "Delhi",
      "Bihar",
      "Goa",
      "Himachal Pradesh",
      "Rajasthan",
      "Tamil Nadu",
      "Arunachal Pradesh",
      "Uttar Pradesh",
      "Punjab",
      "Kerala",
      "Odisha",
      "Tripura",
      "Nagaland",
      "Telangana",
      "West Bengal"
    ],
    "validityMonths": 1
  },
  {
    "id": "PL006",
    "category": "pre-paid",
    "offeringDetails": {
      "name": "One-Time Pass",
      "plan": {
        "serviceId": "Pre-paid/Mobile",
        "data": "",
        "features": {
          "Instant access": "Yes"
        },
        "planId": "PL006"
      }
    },
    "price": 150,
    "isRecurring": false,
    "description": "Instant 5G Internet from as low as RM1",
    "specification": null,
    "locations": [
      "Arunachal Pradesh",
      "Uttar Pradesh",
      "West Bengal",
      "Haryana",
      "Rajasthan",
      "Ladakh",
      "Bihar",
      "Punjab",
      "Mizoram",
      "Tamil Nadu",
      "Gujarat",
      "Jharkhand",
      "Delhi",
      "Jammu and Kashmir",
      "Karnataka",
      "Uttarakhand"
    ],
    "validityMonths": 1
  },
  {
    "id": "PL007",
    "category": "postpaid",
    "offeringDetails": {
      "name": "One Ultra",
      "plan": {
        "serviceId": "Postpaid/Mobile",
        "data": "Unlimited",
        "features": {
          "Device included": "Yes",
          "Disney+": "Yes"
        },
        "planId": "PL007"
      }
    },
    "price": 200,
    "isRecurring": true,
    "description": "All-in with 3 unlimited 5G/4G lines, 300Mbps fibre, a latest device and Disney+ Hotstar Premium",
    "specification": null,
    "locations": [
      "Punjab",
      "Telangana",
      "Sikkim",
      "Bihar",
      "Ladakh",
      "Odisha",
      "Maharashtra",
      "Kerala",
      "Karnataka",
      "Tripura",
      "Goa",
      "Rajasthan",
      "Haryana",
      "Nagaland",
      "Tamil Nadu"
    ],
    "validityMonths": 1
  },
  {
    "id": "PL008",
    "category": "postpaid",
    "offeringDetails": {
      "name": "One Pro",
      "plan": {
        "serviceId": "Postpaid/Mobile",
        "data": "Unlimited",
        "features": {
          "Device included": "Yes",
          "Disney+": "Yes"
        },
        "planId": "PL008"
      }
    },
    "price": 180,
    "isRecurring": true,
    "description": "Experience the CelcomDigi One Pro postpaid plan with Disney+ Hotstar included",
    "specification": null,
    "locations": [
      "Bihar",
      "Arunachal Pradesh",
      "Telangana",
      "Punjab",
      "Tamil Nadu",
      "Haryana",
      "West Bengal",
      "Ladakh",
      "Delhi",
      "Tripura",
      "Manipur",
      "Gujarat",
      "Jharkhand",
      "Mizoram",
      "Kerala",
      "Andhra Pradesh"
    ],
    "validityMonths": 1
  },
  {
    "id": "PL009",
    "category": "postpaid",
    "offeringDetails": {
      "name": "Postpaid 5G 80GB",
      "plan": {
        "serviceId": "Postpaid/Mobile",
        "data": "300GB 5G/4G",
        "features": {
          "Fibre": "Yes",
          "Add-ons": [
            "Disney+"
          ]
        },
        "planId": "PL009"
      }
    },
    "price": 80,
    "isRecurring": true,
    "description": "5G/4G Internet, unlimited calls",
    "specification": null,
    "locations": [
      "Kerala",
      "Telangana",
      "Uttar Pradesh",
      "Gujarat",
      "Manipur",
      "Maharashtra",
      "Delhi",
      "Odisha",
      "West Bengal",
      "Mizoram",
      "Punjab",
      "Jharkhand",
      "Tripura",
      "Bihar",
      "Sikkim"
    ],
    "validityMonths": 1
  },
  {
    "id": "PL010",
    "category": "postpaid",
    "offeringDetails": {
      "name": "Postpaid 5G 100GB",
      "plan": {
        "serviceId": "Postpaid/Mobile",
        "data": "500GB 5G/4G",
        "features": {
          "Add-ons": [
            "Disney+"
          ]
        },
        "planId": "PL010"
      }
    },
    "price": 100,
    "isRecurring": true,
    "description": "5G/4G Internet, unlimited calls",
    "specification": null,
    "locations": [
      "Tamil Nadu",
      "Rajasthan",
      "Punjab",
      "Bihar",
      "Gujarat",
      "Uttar Pradesh",
      "Jharkhand",
      "Haryana",
      "Himachal Pradesh",
      "Chhattisgarh",
      "Jammu and Kashmir",
      "West Bengal",
      "Assam",
      "Mizoram",
      "Andhra Pradesh",
      "Karnataka"
    ],
    "validityMonths": 1
  },
  {
    "id": "PL011",
    "category": "postpaid",
    "offeringDetails": {
      "name": "Postpaid 5G Unlimited 120",
      "plan": {
        "serviceId": "Postpaid/Mobile",
        "data": "Unlimited",
        "features": {
          "Add-ons": [
            "Disney+"
          ]
        },
        "planId": "PL011"
      }
    },
    "price": 120,
    "isRecurring": true,
    "description": "5G/4G Internet, unlimited calls",
    "specification": null,
    "locations": [
      "Andhra Pradesh",
      "Himachal Pradesh",
      "Karnataka",
      "Chhattisgarh",
      "Uttar Pradesh",
      "West Bengal",
      "Uttarakhand",
      "Bihar",
      "Delhi",
      "Manipur",
      "Haryana",
      "Kerala",
      "Mizoram",
      "Telangana",
      "Tamil Nadu",
      "Assam"
    ],
    "validityMonths": 1
  },
  {
    "id": "PL012",
    "category": "postpaid",
    "offeringDetails": {
      "name": "Postpaid SE 100GB",
      "plan": {
        "serviceId": "Postpaid/Mobile",
        "data": "100GB 5G/4G",
        "features": {
          "Unlimited calls": "Yes"
        },
        "planId": "PL012"
      }
    },
    "price": 40,
    "isRecurring": true,
    "description": "Affordable postpaid plan",
    "specification": null,
    "locations": [
      "Uttarakhand",
      "Bihar",
      "Jammu and Kashmir",
      "Gujarat",
      "Uttar Pradesh",
      "Delhi",
      "Meghalaya",
      "Punjab",
      "Maharashtra",
      "Karnataka",
      "Rajasthan",
      "Telangana",
      "Odisha",
      "Assam",
      "Chhattisgarh",
      "Tripura"
    ],
    "validityMonths": 1
  },
  {
    "id": "PL013",
    "category": "postpaid",
    "offeringDetails": {
      "name": "Postpaid SE 235GB",
      "plan": {
        "serviceId": "Postpaid/Mobile",
        "data": "235GB 5G/4G",
        "features": {
          "Unlimited calls": "Yes"
        },
        "planId": "PL013"
      }
    },
    "price": 60,
    "isRecurring": true,
    "description": "Affordable postpaid plan",
    "specification": null,
    "locations": [
      "Andhra Pradesh",
      "Manipur",
      "Bihar",
      "Odisha",
      "Mizoram",
      "Karnataka",
      "Meghalaya",
      "Arunachal Pradesh",
      "Maharashtra",
      "Tamil Nadu",
      "Haryana",
      "Telangana",
      "Nagaland",
      "Jharkhand",
      "Delhi",
      "West Bengal"
    ],
    "validityMonths": 1
  },
  {
    "id": "PL014",
    "category": "postpaid",
    "offeringDetails": {
      "name": "Postpaid Family 90GB",
      "plan": {
        "serviceId": "Postpaid/Mobile",
        "data": "90GB 5G/4G",
        "features": {
          "Family lines": "Yes",
          "eSIM": "Yes"
        },
        "planId": "PL014"
      }
    },
    "price": 40,
    "isRecurring": true,
    "description": "Unlimited 5G/4G Internet and Family plan",
    "specification": null,
    "locations": [
      "Uttar Pradesh",
      "Kerala",
      "Punjab",
      "Tamil Nadu",
      "Gujarat",
      "Odisha",
      "Himachal Pradesh",
      "West Bengal",
      "Maharashtra",
      "Manipur",
      "Chhattisgarh",
      "Andhra Pradesh",
      "Karnataka",
      "Assam",
      "Jammu and Kashmir"
    ],
    "validityMonths": 1
  },
  {
    "id": "PL015",
    "category": "postpaid",
    "offeringDetails": {
      "name": "Postpaid Family 150GB",
      "plan": {
        "serviceId": "Postpaid/Mobile",
        "data": "150GB 5G/4G",
        "features": {
          "Family lines": "Yes",
          "eSIM": "Yes"
        },
        "planId": "PL015"
      }
    },
    "price": 159,
    "isRecurring": true,
    "description": "Unlimited 5G/4G Internet and Family plan",
    "specification": null,
    "locations": [
      "Delhi",
      "Bihar",
      "Goa",
      "Himachal Pradesh",
      "Rajasthan",
      "Tamil Nadu",
      "Arunachal Pradesh",
      "Uttar Pradesh",
      "Punjab",
      "Kerala",
      "Odisha",
      "Tripura",
      "Nagaland",
      "Telangana",
      "West Bengal"
    ],
    "validityMonths": 1
  },
  {
    "id": "PL016",
    "category": "postpaid",
    "offeringDetails": {
      "name": "Postpaid DataSIM 500GB",
      "plan": {
        "serviceId": "Postpaid/Mobile",
        "data": "500GB 5G/4G",
        "features": {
          "Share": "Yes"
        },
        "planId": "PL016"
      }
    },
    "price": 65,
    "isRecurring": true,
    "description": "Stay connected anywhere with CelcomDigi DataSIM",
    "specification": null,
    "locations": [
      "Arunachal Pradesh",
      "Uttar Pradesh",
      "West Bengal",
      "Haryana",
      "Rajasthan",
      "Ladakh",
      "Bihar",
      "Punjab",
      "Mizoram",
      "Tamil Nadu",
      "Gujarat",
      "Jharkhand",
      "Delhi",
      "Jammu and Kashmir",
      "Karnataka",
      "Uttarakhand"
    ],
    "validityMonths": 1
  },
  {
    "id": "PL017",
    "category": "postpaid",
    "offeringDetails": {
      "name": "GadgetSIM 30GB",
      "plan": {
        "serviceId": "Postpaid/Mobile",
        "data": "30GB 5G/4G",
        "features": {
          "eSIM": "Yes"
        },
        "planId": "PL017"
      }
    },
    "price": 159,
    "isRecurring": true,
    "description": "Enjoy 5G Internet on your gadgets",
    "specification": null,
    "locations": [
      "Punjab",
      "Telangana",
      "Sikkim",
      "Bihar",
      "Ladakh",
      "Odisha",
      "Maharashtra",
      "Kerala",
      "Karnataka",
      "Tripura",
      "Goa",
      "Rajasthan",
      "Haryana",
      "Nagaland",
      "Tamil Nadu"
    ],
    "validityMonths": 1
  },
  {
    "id": "PL018",
    "category": "postpaid",
    "offeringDetails": {
      "name": "GadgetSIM 300GB",
      "plan": {
        "serviceId": "Postpaid/Mobile",
        "data": "300GB 5G/4G",
        "features": {
          "eSIM": "Yes"
        },
        "planId": "PL018"
      }
    },
    "price": 159,
    "isRecurring": true,
    "description": "Enjoy 5G Internet on your gadgets",
    "specification": null,
    "locations": [
      "Bihar",
      "Arunachal Pradesh",
      "Telangana",
      "Punjab",
      "Tamil Nadu",
      "Haryana",
      "West Bengal",
      "Ladakh",
      "Delhi",
      "Tripura",
      "Manipur",
      "Gujarat",
      "Jharkhand",
      "Mizoram",
      "Kerala",
      "Andhra Pradesh"
    ],
    "validityMonths": 1
  },
  {
    "id": "PL019",
    "category": "postpaid",
    "offeringDetails": {
      "name": "WatchSIM 100GB",
      "plan": {
        "serviceId": "Postpaid/Mobile",
        "data": "100GB 4G/5G",
        "features": {
          "Apple Watch": "Yes"
        },
        "planId": "PL019"
      }
    },
    "price": 20,
    "isRecurring": true,
    "description": "4G/5G Internet for your Apple Watch",
    "specification": null,
    "locations": [
      "Kerala",
      "Telangana",
      "Uttar Pradesh",
      "Gujarat",
      "Manipur",
      "Maharashtra",
      "Delhi",
      "Odisha",
      "West Bengal",
      "Mizoram",
      "Punjab",
      "Jharkhand",
      "Tripura",
      "Bihar",
      "Sikkim"
    ],
    "validityMonths": 1
  },
  {
    "id": "PL020",
    "category": "fiber-net",
    "offeringDetails": {
      "name": "Home Fibre",
      "plan": {
        "serviceId": "Fibre-net",
        "data": "100Mbps, 500Mbps, 1Gbps",
        "features": {
          "Router": "WiFi 6",
          "Setup": "Included",
          "Unlimited data": "Yes"
        },
        "planId": "PL020"
      }
    },
    "price": 89,
    "isRecurring": false,
    "description": "Get a free WiFi 6 router with unlimited high-speed home broadband for streaming, gaming, and working",
    "specification": null,
    "locations": [
      "Tamil Nadu",
      "Rajasthan",
      "Punjab",
      "Bihar",
      "Gujarat",
      "Uttar Pradesh",
      "Jharkhand",
      "Haryana",
      "Himachal Pradesh",
      "Chhattisgarh",
      "Jammu and Kashmir",
      "West Bengal",
      "Assam",
      "Mizoram",
      "Andhra Pradesh",
      "Karnataka"
    ],
    "validityMonths": 1
  },
  {
    "id": "PL021",
    "category": "fiber-net",
    "offeringDetails": {
      "name": "Home WiFi",
      "plan": {
        "serviceId": "Fibre-net",
        "data": "200Mbps, 300Mbps, 1Gbps, 2Gbps",
        "features": {
          "Wireless": "Yes",
          "Plug & play": "Yes",
          "No installation": "Yes"
        },
        "planId": "PL021"
      }
    },
    "price": 250,
    "isRecurring": false,
    "description": "Enjoy ultra-fast 5G Internet with no installation. Just plug and play for fibre-like speed anytime",
    "specification": null,
    "locations": [
      "Kerala",
      "Telangana",
      "Uttar Pradesh",
      "Gujarat",
      "Manipur",
      "Maharashtra",
      "Delhi",
      "Odisha",
      "West Bengal",
      "Mizoram",
      "Punjab",
      "Jharkhand",
      "Tripura",
      "Bihar",
      "Sikkim"
    ],
    "validityMonths": 1
  },
  {
    "id": "PL022",
    "category": "fiber-net",
    "offeringDetails": {
      "name": "FTTR",
      "plan": {
        "serviceId": "Fibre-net",
        "data": "300Mbps, 1Gbps",
        "features": {
          "FTTR setup": "1+1",
          "Installation": "Required"
        },
        "planId": "PL022"
      }
    },
    "price": 180,
    "isRecurring": false,
    "description": "Get FREE Fibre-To-The-Room (FTTR) 1+1 Setup when you subscribe to CelcomDigi Fibre 1Gbps",
    "specification": null,
    "locations": [
      "Andhra Pradesh",
      "Himachal Pradesh",
      "Karnataka",
      "Chhattisgarh",
      "Uttar Pradesh",
      "West Bengal",
      "Uttarakhand",
      "Bihar",
      "Delhi",
      "Manipur",
      "Haryana",
      "Kerala",
      "Mizoram",
      "Telangana",
      "Tamil Nadu",
      "Assam"
    ],
    "validityMonths": 1
  },
  {
    "id": "PL023",
    "category": "roaming",
    "offeringDetails": {
      "name": "Roaming Main",
      "plan": {
        "serviceId": "Roaming",
        "data": "2GB/day",
        "features": {
          "Countries Covered": 50,
          "Sample Countries": [
            "Tanzania",
            "Liechtenstein",
            "Malta",
            "Finland",
            "Australia"
          ],
          "5G Roaming": "Yes",
          "In-Flight Roaming": "Free",
          "Multi-Country": "Yes",
          "Pass Options": 10
        },
        "planId": "PL023"
      }
    },
    "price": 39,
    "isRecurring": false,
    "description": "Enjoy unlimited international 5G roaming passes in 81 countries — now with FREE in-flight roaming.",
    "specification": null,
    "locations": [
      "Uttarakhand",
      "Bihar",
      "Jammu and Kashmir",
      "Gujarat",
      "Uttar Pradesh",
      "Delhi",
      "Meghalaya",
      "Punjab",
      "Maharashtra",
      "Karnataka",
      "Rajasthan",
      "Telangana",
      "Odisha",
      "Assam",
      "Chhattisgarh",
      "Tripura"
    ],
    "validityMonths": 1
  },
  {
    "id": "PL024",
    "category": "entertainment",
    "offeringDetails": {
      "name": "Disney+ Basic",
      "plan": {
        "serviceId": "Lifestyle / Entertainment",
        "data": "5GB",
        "features": {
          "Platform": "Disney+",
          "Tier": "Basic",
          "StreamMORE Add-On": true
        },
        "planId": "PL024"
      }
    },
    "price": 22.9,
    "isRecurring": false,
    "description": "Prepaid users: Subscribe to Disney+ Basic for only RM22.90 and enjoy 5GB Internet.",
    "specification": null,
    "locations": [
      "Andhra Pradesh",
      "Manipur",
      "Bihar",
      "Odisha",
      "Mizoram",
      "Karnataka",
      "Meghalaya",
      "Arunachal Pradesh",
      "Maharashtra",
      "Tamil Nadu",
      "Haryana",
      "Telangana",
      "Nagaland",
      "Jharkhand",
      "Delhi",
      "West Bengal"
    ],
    "validityMonths": 1
  },
  {
    "id": "PL025",
    "category": "entertainment",
    "offeringDetails": {
      "name": "Disney+ Premium",
      "plan": {
        "serviceId": "Lifestyle / Entertainment",
        "data": "5GB",
        "features": {
          "Platform": "Disney+",
          "Tier": "Premium",
          "StreamMORE Add-On": true
        },
        "planId": "PL025"
      }
    },
    "price": 37.9,
    "isRecurring": false,
    "description": "Postpaid users: Subscribe to Disney+ Premium for only RM37.90 and enjoy 5GB Internet.",
    "specification": null,
    "locations": [
      "Uttar Pradesh",
      "Kerala",
      "Punjab",
      "Tamil Nadu",
      "Gujarat",
      "Odisha",
      "Himachal Pradesh",
      "West Bengal",
      "Maharashtra",
      "Manipur",
      "Chhattisgarh",
      "Andhra Pradesh",
      "Karnataka",
      "Assam",
      "Jammu and Kashmir"
    ],
    "validityMonths": 1
  },
  {
    "id": "PL026",
    "category": "entertainment",
    "offeringDetails": {
      "name": "iQIYI Standard VIP",
      "plan": {
        "serviceId": "Lifestyle / Entertainment",
        "data": "5GB",
        "features": {
          "Platform": "iQIYI",
          "Tier": "Standard VIP",
          "StreamMORE Add-On": true
        },
        "planId": "PL026"
      }
    },
    "price": 11.9,
    "isRecurring": false,
    "description": "With StreamMORE Add-Ons, enjoy 5GB Internet plus iQIYI Standard VIP — all for RM11.90/month.",
    "specification": null,
    "locations": [
      "Delhi",
      "Bihar",
      "Goa",
      "Himachal Pradesh",
      "Rajasthan",
      "Tamil Nadu",
      "Arunachal Pradesh",
      "Uttar Pradesh",
      "Punjab",
      "Kerala",
      "Odisha",
      "Tripura",
      "Nagaland",
      "Telangana",
      "West Bengal"
    ],
    "validityMonths": 1
  },
  {
    "id": "PL027",
    "category": "entertainment",
    "offeringDetails": {
      "name": "Viu Premium",
      "plan": {
        "serviceId": "Lifestyle / Entertainment",
        "data": "5GB",
        "features": {
          "Platform": "Viu",
          "Tier": "Premium",
          "StreamMORE Add-On": true
        },
        "planId": "PL027"
      }
    },
    "price": 9.9,
    "isRecurring": false,
    "description": "With StreamMORE Add-Ons, enjoy 5GB Internet plus Viu Premium — all for RM9.90/month.",
    "specification": null,
    "locations": [
      "Arunachal Pradesh",
      "Uttar Pradesh",
      "West Bengal",
      "Haryana",
      "Rajasthan",
      "Ladakh",
      "Bihar",
      "Punjab",
      "Mizoram",
      "Tamil Nadu",
      "Gujarat",
      "Jharkhand",
      "Delhi",
      "Jammu and Kashmir",
      "Karnataka",
      "Uttarakhand"
    ],
    "validityMonths": 1
  },
  {
    "id": "PL028",
    "category": "entertainment",
    "offeringDetails": {
      "name": "Vision+ Premium",
      "plan": {
        "serviceId": "Lifestyle / Entertainment",
        "data": "5GB",
        "features": {
          "Platform": "Vision+",
          "Tier": "Premium",
          "StreamMORE Add-On": true
        },
        "planId": "PL028"
      }
    },
    "price": 14.9,
    "isRecurring": false,
    "description": "With StreamMORE Add-Ons, enjoy 5GB Internet plus Vision+ Premium — all for RM14.90/month.",
    "specification": null,
    "locations": [
      "Punjab",
      "Telangana",
      "Sikkim",
      "Bihar",
      "Ladakh",
      "Odisha",
      "Maharashtra",
      "Kerala",
      "Karnataka",
      "Tripura",
      "Goa",
      "Rajasthan",
      "Haryana",
      "Nagaland",
      "Tamil Nadu"
    ],
    "validityMonths": 1
  },
  {
    "id": "P001",
    "category": "device",
    "offeringDetails": {
      "name": "iPhone 17",
      "device": {
        "productId": "P003",
        "meta": {
          "Brand": "Apple",
          "OS": "iOS"
        },
        "configuration": {
          "Storage": "128GB/256GB/512GB",
          "Color": "Black/White",
          "Network": "5G"
        }
      }
    },
    "price": 4699,
    "isRecurring": false,
    "description": "Latest iPhone with Easy360",
    "specification": {
      "Storage": "128GB/256GB/512GB",
      "Color": "Black/White",
      "Network": "5G"
    },
    "locations": [],
    "validityMonths": null
  },
  {
    "id": "P002",
    "category": "device",
    "offeringDetails": {
      "name": "iPhone 17 Pro",
      "device": {
        "productId": "P004",
        "meta": {
          "Brand": "Apple",
          "OS": "iOS"
        },
        "configuration": {
          "Storage": "256GB/512GB",
          "Color": "Graphite/Silver",
          "Network": "5G"
        }
      }
    },
    "price": 5899,
    "isRecurring": false,
    "description": "Pro variant of iPhone 17",
    "specification": {
      "Storage": "256GB/512GB",
      "Color": "Graphite/Silver",
      "Network": "5G"
    },
    "locations": [],
    "validityMonths": null
  },
  {
    "id": "P003",
    "category": "device",
    "offeringDetails": {
      "name": "Google Pixel 10",
      "device": {
        "productId": "P005",
        "meta": {
          "Brand": "Google",
          "OS": "Android"
        },
        "configuration": {
          "Storage": "128GB/256GB",
          "Network": "5G"
        }
      }
    },
    "price": 3599,
    "isRecurring": false,
    "description": "Latest Google Pixel series",
    "specification": {
      "Storage": "128GB/256GB",
      "Network": "5G"
    },
    "locations": [],
    "validityMonths": null
  },
  {
    "id": "P004",
    "category": "device",
    "offeringDetails": {
      "name": "Google Pixel 10 Pro XL",
      "device": {
        "productId": "P006",
        "meta": {
          "Brand": "Google",
          "OS": "Android"
        },
        "configuration": {
          "Storage": "256GB",
          "Network": "5G"
        }
      }
    },
    "price": 4599,
    "isRecurring": false,
    "description": "Large-screen Google Pixel Pro",
    "specification": {
      "Storage": "256GB",
      "Network": "5G"
    },
    "locations": [],
    "validityMonths": null
  },
  {
    "id": "P005",
    "category": "device",
    "offeringDetails": {
      "name": "Samsung Galaxy Z Fold7",
      "device": {
        "productId": "P007",
        "meta": {
          "Brand": "Samsung",
          "OS": "Android"
        },
        "configuration": {
          "Storage": "256GB/512GB",
          "Color": "Silver/Black",
          "Network": "5G"
        }
      }
    },
    "price": 6799,
    "isRecurring": false,
    "description": "Foldable Samsung phone",
    "specification": {
      "Storage": "256GB/512GB",
      "Color": "Silver/Black",
      "Network": "5G"
    },
    "locations": [],
    "validityMonths": null
  },
  {
    "id": "P006",
    "category": "device",
    "offeringDetails": {
      "name": "Samsung Galaxy Z Flip7",
      "device": {
        "productId": "P008",
        "meta": {
          "Brand": "Samsung",
          "OS": "Android"
        },
        "configuration": {
          "Storage": "128GB/256GB",
          "Network": "5G"
        }
      }
    },
    "price": 4599,
    "isRecurring": false,
    "description": "Flip phone variant",
    "specification": {
      "Storage": "128GB/256GB",
      "Network": "5G"
    },
    "locations": [],
    "validityMonths": null
  },
  {
    "id": "P007",
    "category": "device",
    "offeringDetails": {
      "name": "Android Phone Bundle",
      "device": {
        "productId": "P009",
        "meta": {
          "OS": "Android"
        },
        "configuration": {
          "Network": "4G/5G",
          "Discount": "Plan Bundled"
        }
      }
    },
    "price": 2000,
    "isRecurring": false,
    "description": "Any Android device with Easy360",
    "specification": {
      "Network": "4G/5G",
      "Discount": "Plan Bundled"
    },
    "locations": [],
    "validityMonths": null
  },
  {
    "id": "P008",
    "category": "device",
    "offeringDetails": {
      "name": "PhoneCARE",
      "device": {
        "productId": "P011",
        "meta": {
          "ServiceType": "Protection"
        },
        "configuration": {
          "Swap": "Same-day",
          "Repair": "Included",
          "Transparent Fees": "Yes"
        }
      }
    },
    "price": 200,
    "isRecurring": false,
    "description": "Device protection & swap service",
    "specification": {
      "Swap": "Same-day",
      "Repair": "Included",
      "Transparent Fees": "Yes"
    },
    "locations": [],
    "validityMonths": null
  },
  {
    "id": "P009",
    "category": "device",
    "offeringDetails": {
      "name": "WiFi 6 Router",
      "device": {
        "productId": "P012",
        "meta": {
          "Type": "Router"
        },
        "configuration": {
          "Speed": "Up to 1Gbps",
          "Dual Band": "Yes"
        }
      }
    },
    "price": 399,
    "isRecurring": false,
    "description": "Home broadband router",
    "specification": {
      "Speed": "Up to 1Gbps",
      "Dual Band": "Yes"
    },
    "locations": [
      "Unknown"
    ],
    "validityMonths": 1
  },
  {
    "id": "B001",
    "category": "bundle",
    "offeringDetails": {
      "name": "Android Phone Bundle-GadgetSIM 300GB-Bundle",
      "device": {
        "productId": "P009",
        "meta": {
          "OS": "Android"
        },
        "configuration": {
          "Network": "4G/5G",
          "Discount": "Plan Bundled"
        }
      },
      "plan": {
        "serviceId": "Postpaid/Mobile",
        "data": "300GB 5G/4G",
        "features": {
          "eSIM": "Yes"
        },
        "planId": "PL018"
      }
    },
    "price": 1852.13,
    "isRecurring": true,
    "description": "Bundle: Any Android device with Easy360 + Enjoy 5G Internet on your gadgets",
    "specification": {
      "Network": "4G/5G",
      "Discount": "Plan Bundled"
    },
    "locations": [
      "Bihar",
      "Arunachal Pradesh",
      "Telangana",
      "Punjab",
      "Tamil Nadu",
      "Haryana",
      "West Bengal",
      "Ladakh",
      "Delhi",
      "Tripura",
      "Manipur",
      "Gujarat",
      "Jharkhand",
      "Mizoram",
      "Kerala",
      "Andhra Pradesh"
    ],
    "validityMonths": 1
  },
  {
    "id": "B002",
    "category": "bundle",
    "offeringDetails": {
      "name": "WiFi 6 Router-Postpaid 5G Unlimited 120-Bundle",
      "device": {
        "productId": "P012",
        "meta": {
          "Type": "Router"
        },
        "configuration": {
          "Speed": "Up to 1Gbps",
          "Dual Band": "Yes"
        }
      },
      "plan": {
        "serviceId": "Postpaid/Mobile",
        "data": "Unlimited",
        "features": {
          "Add-ons": [
            "Disney+"
          ]
        },
        "planId": "PL011"
      }
    },
    "price": 443.25,
    "isRecurring": true,
    "description": "Bundle: Home broadband router + 5G/4G Internet, unlimited calls",
    "specification": {
      "Speed": "Up to 1Gbps",
      "Dual Band": "Yes"
    },
    "locations": [
      "Kerala",
      "Telangana",
      "Uttar Pradesh",
      "Gujarat",
      "Manipur",
      "Maharashtra",
      "Delhi",
      "Odisha",
      "West Bengal",
      "Mizoram",
      "Punjab",
      "Jharkhand",
      "Tripura",
      "Bihar",
      "Sikkim"
    ],
    "validityMonths": 1
  },
  {
    "id": "B003",
    "category": "bundle",
    "offeringDetails": {
      "name": "Google Pixel 10-Postpaid 5G Unlimited 120-Bundle",
      "device": {
        "productId": "P005",
        "meta": {
          "Brand": "Google",
          "OS": "Android"
        },
        "configuration": {
          "Storage": "128GB/256GB",
          "Network": "5G"
        }
      },
      "plan": {
        "serviceId": "Postpaid/Mobile",
        "data": "Unlimited",
        "features": {
          "Add-ons": [
            "Disney+"
          ]
        },
        "planId": "PL011"
      }
    },
    "price": 3337.92,
    "isRecurring": true,
    "description": "Bundle: Latest Google Pixel series + 5G/4G Internet, unlimited calls",
    "specification": {
      "Storage": "128GB/256GB",
      "Network": "5G"
    },
    "locations": [
      "Tamil Nadu",
      "Rajasthan",
      "Punjab",
      "Bihar",
      "Gujarat",
      "Uttar Pradesh",
      "Jharkhand",
      "Haryana",
      "Himachal Pradesh",
      "Chhattisgarh",
      "Jammu and Kashmir",
      "West Bengal",
      "Assam",
      "Mizoram",
      "Andhra Pradesh",
      "Karnataka"
    ],
    "validityMonths": 1
  },
  {
    "id": "B004",
    "category": "bundle",
    "offeringDetails": {
      "name": "PhoneCARE-UV 100GB-Bundle",
      "device": {
        "productId": "P011",
        "meta": {
          "ServiceType": "Protection"
        },
        "configuration": {
          "Swap": "Same-day",
          "Repair": "Included",
          "Transparent Fees": "Yes"
        }
      },
      "plan": {
        "serviceId": "Pre-paid/Mobile",
        "data": "100GB 5G/4G",
        "features": {
          "Hotspot": "Yes",
          "Unlimited calls": "Yes"
        },
        "planId": "PL003"
      }
    },
    "price": 197.94,
    "isRecurring": false,
    "description": "Bundle: Device protection & swap service + Enjoy unlimited Internet and hotspot, with all day 5G coverage, unlimited calls",
    "specification": {
      "Swap": "Same-day",
      "Repair": "Included",
      "Transparent Fees": "Yes"
    },
    "locations": [
      "Andhra Pradesh",
      "Himachal Pradesh",
      "Karnataka",
      "Chhattisgarh",
      "Uttar Pradesh",
      "West Bengal",
      "Uttarakhand",
      "Bihar",
      "Delhi",
      "Manipur",
      "Haryana",
      "Kerala",
      "Mizoram",
      "Telangana",
      "Tamil Nadu",
      "Assam"
    ],
    "validityMonths": 1
  },
  {
    "id": "B005",
    "category": "bundle",
    "offeringDetails": {
      "name": "iPhone 17 Pro-Postpaid Family 90GB-Bundle",
      "device": {
        "productId": "P004",
        "meta": {
          "Brand": "Apple",
          "OS": "iOS"
        },
        "configuration": {
          "Storage": "256GB/512GB",
          "Color": "Graphite/Silver",
          "Network": "5G"
        }
      },
      "plan": {
        "serviceId": "Postpaid/Mobile",
        "data": "90GB 5G/4G",
        "features": {
          "Family lines": "Yes",
          "eSIM": "Yes"
        },
        "planId": "PL014"
      }
    },
    "price": 5146.97,
    "isRecurring": true,
    "description": "Bundle: Pro variant of iPhone 17 + Unlimited 5G/4G Internet and Family plan",
    "specification": {
      "Storage": "256GB/512GB",
      "Color": "Graphite/Silver",
      "Network": "5G"
    },
    "locations": [
      "Uttarakhand",
      "Bihar",
      "Jammu and Kashmir",
      "Gujarat",
      "Uttar Pradesh",
      "Delhi",
      "Meghalaya",
      "Punjab",
      "Maharashtra",
      "Karnataka",
      "Rajasthan",
      "Telangana",
      "Odisha",
      "Assam",
      "Chhattisgarh",
      "Tripura"
    ],
    "validityMonths": 1
  },
  {
    "id": "B006",
    "category": "bundle",
    "offeringDetails": {
      "name": "Android Phone Bundle-Postpaid SE 100GB-Bundle",
      "device": {
        "productId": "P009",
        "meta": {
          "OS": "Android"
        },
        "configuration": {
          "Network": "4G/5G",
          "Discount": "Plan Bundled"
        }
      },
      "plan": {
        "serviceId": "Postpaid/Mobile",
        "data": "100GB 5G/4G",
        "features": {
          "Unlimited calls": "Yes"
        },
        "planId": "PL012"
      }
    },
    "price": 1809.82,
    "isRecurring": true,
    "description": "Bundle: Any Android device with Easy360 + Affordable postpaid plan",
    "specification": {
      "Network": "4G/5G",
      "Discount": "Plan Bundled"
    },
    "locations": [
      "Andhra Pradesh",
      "Manipur",
      "Bihar",
      "Odisha",
      "Mizoram",
      "Karnataka",
      "Meghalaya",
      "Arunachal Pradesh",
      "Maharashtra",
      "Tamil Nadu",
      "Haryana",
      "Telangana",
      "Nagaland",
      "Jharkhand",
      "Delhi",
      "West Bengal"
    ],
    "validityMonths": 1
  },
  {
    "id": "B007",
    "category": "bundle",
    "offeringDetails": {
      "name": "Android Phone Bundle-iQIYI Standard VIP-Bundle",
      "device": {
        "productId": "P009",
        "meta": {
          "OS": "Android"
        },
        "configuration": {
          "Network": "4G/5G",
          "Discount": "Plan Bundled"
        }
      },
      "plan": {
        "serviceId": "Lifestyle / Entertainment",
        "data": "5GB",
        "features": {
          "Platform": "iQIYI",
          "Tier": "Standard VIP",
          "StreamMORE Add-On": true
        },
        "planId": "PL026"
      }
    },
    "price": 1872.97,
    "isRecurring": false,
    "description": "Bundle: Any Android device with Easy360 + With StreamMORE Add-Ons, enjoy 5GB Internet plus iQIYI Standard VIP",
    "specification": {
      "Network": "4G/5G",
      "Discount": "Plan Bundled"
    },
    "locations": [
      "Uttar Pradesh",
      "Kerala",
      "Punjab",
      "Tamil Nadu",
      "Gujarat",
      "Odisha",
      "Himachal Pradesh",
      "West Bengal",
      "Maharashtra",
      "Manipur",
      "Chhattisgarh",
      "Andhra Pradesh",
      "Karnataka",
      "Assam",
      "Jammu and Kashmir"
    ],
    "validityMonths": 1
  },
  {
    "id": "B008",
    "category": "bundle",
    "offeringDetails": {
      "name": "PhoneCARE-One-Time Pass-Bundle",
      "device": {
        "productId": "P011",
        "meta": {
          "ServiceType": "Protection"
        },
        "configuration": {
          "Swap": "Same-day",
          "Repair": "Included",
          "Transparent Fees": "Yes"
        }
      },
      "plan": {
        "serviceId": "Pre-paid/Mobile",
        "data": "",
        "features": {
          "Instant access": "Yes"
        },
        "planId": "PL006"
      }
    },
    "price": 172.01,
    "isRecurring": false,
    "description": "Bundle: Device protection & swap service + Instant 5G Internet from as low as RM1",
    "specification": {
      "Swap": "Same-day",
      "Repair": "Included",
      "Transparent Fees": "Yes"
    },
    "locations": [
      "Delhi",
      "Bihar",
      "Goa",
      "Himachal Pradesh",
      "Rajasthan",
      "Tamil Nadu",
      "Arunachal Pradesh",
      "Uttar Pradesh",
      "Punjab",
      "Kerala",
      "Odisha",
      "Tripura",
      "Nagaland",
      "Telangana",
      "West Bengal"
    ],
    "validityMonths": 1
  }
]
