equipmentID,type,modelName,equipmentSpecifications
1,ONT,FiberOptic-1000,"{""speed"": ""1Gbps"", ""ports"": 4, ""wifi"": ""N/A"", ""fiber"": ""Single-mode"", ""color"": ""Black""}"
2,CPE,CPE-X1000,"{""speed"": ""100Mbps"", ""ports"": 4, ""wifi"": ""802.11ac"", ""color"": ""White""}"
3,ONT,FiberLite-2000,"{""speed"": ""2Gbps"", ""ports"": 6, ""wifi"": ""802.11ac"", ""fiber"": ""Multi-mode"", ""color"": ""Gray""}"
4,CPE,WiFi-CPE-7500,"{""speed"": ""200Mbps"", ""ports"": 4, ""wifi"": ""802.11n"", ""color"": ""Black""}"
5,CPE,CPE-1000,"{""speed"": ""300Mbps"", ""ports"": 4, ""wifi"": ""802.11ac"", ""color"": ""Silver""}"
6,ONT,OptiNet-3000,"{""speed"": ""3Gbps"", ""ports"": 6, ""wifi"": ""802.11ax"", ""fiber"": ""Single-mode"", ""color"": ""Black""}"
7,CPE,SuperCPE-2000,"{""speed"": ""500Mbps"", ""ports"": 5, ""wifi"": ""802.11ax"", ""color"": ""White""}"
8,CPE,Mesh-CPE-5000,"{""speed"": ""1Gbps"", ""ports"": 4, ""wifi"": ""Mesh 802.11ax"", ""color"": ""Black""}"
9,ONT,XtremeFiber-1000,"{""speed"": ""1Gbps"", ""ports"": 4, ""wifi"": ""802.11n"", ""fiber"": ""Single-mode"", ""color"": ""Black""}"
10,CPE,CPE-Pro-3000,"{""speed"": ""1Gbps"", ""ports"": 6, ""wifi"": ""802.11ax"", ""color"": ""Blue""}"
11,ONT,NovaFiber-2000,"{""speed"": ""2Gbps"", ""ports"": 6, ""wifi"": ""802.11ac"", ""fiber"": ""Multi-mode"", ""color"": ""Red""}"
12,CPE,UltraCPE-4000,"{""speed"": ""750Mbps"", ""ports"": 5, ""wifi"": ""802.11ac"", ""color"": ""White""}"
13,ONT,SmartFiber-3000,"{""speed"": ""3Gbps"", ""ports"": 5, ""wifi"": ""802.11ax"", ""fiber"": ""Single-mode"", ""color"": ""Gray""}"
14,CPE,FastCPE-6000,"{""speed"": ""600Mbps"", ""ports"": 4, ""wifi"": ""802.11n"", ""color"": ""Silver""}"
15,ONT,OptiMax-5000,"{""speed"": ""5Gbps"", ""ports"": 8, ""wifi"": ""802.11ax"", ""fiber"": ""Multi-mode"", ""color"": ""Black""}"
16,CPE,FastNet-CPE-7000,"{""speed"": ""1Gbps"", ""ports"": 6, ""wifi"": ""802.11ax"", ""color"": ""Blue""}"
17,ONT,FiberWave-2500,"{""speed"": ""2.5Gbps"", ""ports"": 6, ""wifi"": ""802.11ac"", ""fiber"": ""Single-mode"", ""color"": ""White""}"
18,CPE,TurboCPE-5000,"{""speed"": ""1Gbps"", ""ports"": 6, ""wifi"": ""802.11ax"", ""color"": ""Gray""}"
19,ONT,MaxFiber-1500,"{""speed"": ""1.5Gbps"", ""ports"": 4, ""wifi"": ""802.11n"", ""fiber"": ""Multi-mode"", ""color"": ""Black""}"
20,CPE,PowerCPE-8000,"{""speed"": ""800Mbps"", ""ports"": 6, ""wifi"": ""802.11ac"", ""color"": ""Black""}"
21,CPE,WaveCPE-6000,"{""speed"": ""600Mbps"", ""ports"": 4, ""wifi"": ""802.11ax"", ""color"": ""Silver""}"
22,ONT,FiberPro-4000,"{""speed"": ""4Gbps"", ""ports"": 8, ""wifi"": ""802.11ax"", ""fiber"": ""Multi-mode"", ""color"": ""Black""}"
23,CPE,AirCPE-5000,"{""speed"": ""1Gbps"", ""ports"": 4, ""wifi"": ""802.11ac"", ""color"": ""Blue""}"
24,CPE,NexusCPE-7000,"{""speed"": ""700Mbps"", ""ports"": 5, ""wifi"": ""802.11ax"", ""color"": ""Red""}"
25,ONT,PowerFiber-3000,"{""speed"": ""3Gbps"", ""ports"": 6, ""wifi"": ""802.11n"", ""fiber"": ""Single-mode"", ""color"": ""Red""}"
26,SIM,4G-SIM,"{""network"": ""4G LTE"",  ""speed"": ""300 Mbps"", ""voice"": ""VoLTE"", ""color"": ""White""}"
27,SIM,5G-SIM,"{""network"": ""5G NR"", ""speed"": ""1 Gbps"", ""voice"": ""VoNR"", ""color"": ""Blue""}"
28,CPE,5G-FWA-CPE,"{""network"": ""5G NR"", ""wifi"": ""Wi-Fi 6"", ""ports"": 4, ""speed"": ""1 Gbps"", ""SIM slot"": ""Nano"", ""color"": ""Black""}"
29,CPE,NetGear AC2000,"{""speed"": ""1Gbps"", ""ports"": 4, ""wifi"": ""AC2000, Dual-band, 4x4 MU-MIMO"", ""color"": ""Black""}"
30,CPE,Mi Wi-Fi Router 6,"{""speed"": ""1Gbps"", ""ports"": 4, ""wifi"": ""Dual-band Wi-Fi 6, 4x4 MU-MIMO"", ""color"": ""Black""}"
31,CPE,FWA-Router-1000,"{""network"":""5G NR"",""wifi"":""Wi-Fi 6"",""ports"":4,""speed"":""1 Gbps"",""SIM slot"":""Nano"",""color"":""White""}"
32,CPE,FWA-Router-500,"{""network"":""5G NR"",""wifi"":""Wi-Fi 5"",""ports"":4,""speed"":""500 Mbps"",""SIM slot"":""Nano"",""color"":""Black""}"
33,CPE,FWA-Mesh-1200,"{""network"":""5G NR"",""wifi"":""Mesh Wi-Fi 6"",""ports"":4,""speed"":""1.2 Gbps"",""SIM slot"":""Nano"",""color"":""Gray""}"