discountID,name,description,percentage,type,validityStartDate,validityEndDate
1,Republic Day Special,Special discount applicable during Republic Day celebrations,22,seasonal,2026-01-24,2026-01-26
2,New User Welcome,Welcome discount for first-time customers,10,welcome,2026-01-01,2026-12-31
3,Loyalty Bonus,Reward discount for long-term active customers,12,loyalty,2026-01-01,2026-12-31
4,Summer Sale,Seasonal discount during peak summer months,18,seasonal,2026-04-01,2026-06-30
5,Monsoon Magic,Discount applicable during monsoon season,14,seasonal,2026-07-01,2026-09-15
6,Independence Day Offer,Offer valid during Independence Day week,25,seasonal,2026-08-12,2026-08-18
7,Diwali Delight,Special festive discount for Diwali installations and plans,15,seasonal,2026-11-05,2026-11-15
8,Holi Splash Savings,Holi festival special seasonal discount,17,seasonal,2026-03-03,2026-03-10
9,Weekend Saver,Limited weekend-only promotional discount,5,flash,2026-01-01,2026-12-31
10,Flash Friday Deal,High-impact flash discount active for 24 hours,30,flash,2026-05-15,2026-05-15
11,App Anniversary Sale,Discount celebrating platform anniversary,28,special,2026-09-01,2026-09-07
12,Year-End Mega Sale,End-of-year clearance discount on all plans,50,clearance,2026-12-20,2026-12-31
13,Clearance Sale,End-of-season clearance discounts on legacy plans,40,clearance,2026-10-01,2026-10-31
14,Payday Offer,Offer applicable on monthly salary credit window,7,special,2026-01-01,2026-12-31
15,Fallback Connectivity Discount,"Discount applied when requested fiber service is unavailable due to port exhaustion or Near Net status and customer is provisioned with fallback service (e.g., 5G FWA)",30,special,2026-01-01,2026-12-31