customerID,type,email,telephoneNumber,status,givenFirstName,familyLastName,digitalAccessGranted,userProfileMeta,locationID,dateOfCreation,financialDetails,customerEquipmentIDs
1,ind,ravi.kumar87@gmail.com,9876543210,active,Ravi,Kumar,TRUE,"{""5gCompatibleDevice"": true, ""customerTenure"": 1.05, ""usageBehaviour"": ""moderate usage, prepaid daily data user, typically purchases 1GB plans and consumes ~0.9GB/day, premium device buyer, high payment reliability""}",1,2025-01-10,"{""creditScore"":760,""totalInvoices"":12,""latePayments"":0,""defaultPayments"":0,""lastDelinquencyDate"":null}","[1,2,26]"
2,ind,anita.sharma.hyd@gmail.com,9123456789,active,Anita,Sharma,TRUE,"{""5gCompatibleDevice"": true, ""customerTenure"": 2.05, ""usageBehaviour"": ""moderate usage, postpaid data user, subscribed to 3GB/day plans and consumes ~2.2GB/day, premium device buyer, good payment reliability""}",2,2024-01-11,"{""creditScore"":720,""totalInvoices"":8,""latePayments"":1,""defaultPayments"":0,""lastDelinquencyDate"":""2024-11-15""}","[4,5,26]"
3,ind,suresh.naidu@yahoo.in,9812345678,active,Suresh,Naidu,TRUE,"{""5gCompatibleDevice"": true, ""customerTenure"": 2.30, ""usageBehaviour"": ""low usage, prepaid daily data user, purchases 1GB plans and consumes ~0.6GB/day, device buyer, poor payment reliability""}",3,2023-10-12,"{""creditScore"":650,""totalInvoices"":5,""latePayments"":2,""defaultPayments"":1,""lastDelinquencyDate"":""2024-10-01""}",[27]
4,ind,priya.reddy@gmail.com,9988776655,active,Priya,Reddy,TRUE,"{""5gCompatibleDevice"": true, ""customerTenure"": 0.13, ""usageBehaviour"": ""new customer, prepaid daily data user, purchases 3GB plans and consumes ~2GB/day, premium device buyer, excellent payment reliability""}",4,2025-12-13,"{""creditScore"":780,""totalInvoices"":14,""latePayments"":0,""defaultPayments"":0,""lastDelinquencyDate"":null}","[3,7,26]"
5,ind,arjun.patel@gmail.com,9090901234,active,Arjun,Patel,TRUE,"{""5gCompatibleDevice"": false, ""customerTenure"": 0.80, ""usageBehaviour"": ""low to moderate usage, prepaid daily data user, purchases 1GB plans and consumes ~0.8GB/day, average payment reliability""}",5,2025-04-14,"{""creditScore"":705,""totalInvoices"":9,""latePayments"":1,""defaultPayments"":0,""lastDelinquencyDate"":""2024-12-01""}","[2,26]"
6,ind,sunil.mehta@gmail.com,8765432109,active,Sunil,Mehta,TRUE,"{""5gCompatibleDevice"": true, ""customerTenure"": 0.62, ""usageBehaviour"": ""high usage, postpaid mobile and broadband user, subscribed to high-speed plans and consumes ~4–5GB/day for OTT streaming and heavy downloads, device buyer, excellent payment reliability""}",6,2025-06-15,"{""creditScore"":790,""totalInvoices"":20,""latePayments"":0,""defaultPayments"":0,""lastDelinquencyDate"":null}","[6,8,27]"
7,ind,neha.gupta@gmail.com,9345678901,active,Neha,Gupta,TRUE,"{""5gCompatibleDevice"": false, ""customerTenure"": 2.05, ""usageBehaviour"": ""low to moderate usage, prepaid data user, purchases 3GB plans and consumes ~1.2GB/day, average payment reliability""}",7,2024-01-16,"{""creditScore"":710,""totalInvoices"":7,""latePayments"":1,""defaultPayments"":0,""lastDelinquencyDate"":""2024-09-12""}","[10,26]"
8,ind,akash.verma@gmail.com,7890123456,active,Akash,Verma,TRUE,"{""5gCompatibleDevice"": true, ""customerTenure"": 1.25, ""usageBehaviour"": ""moderate usage, prepaid data and OTT user, purchases 3GB plans and consumes ~2GB/day, good payment reliability""}",8,2024-10-17,"{""creditScore"":735,""totalInvoices"":11,""latePayments"":0,""defaultPayments"":0,""lastDelinquencyDate"":null}","[9,12,26]"
9,ind,kiran.rao@yahoo.in,9654321098,active,Kiran,Rao,TRUE,"{""5gCompatibleDevice"": true, ""customerTenure"": 4.05, ""usageBehaviour"": ""low usage, prepaid data user, purchases 2GB plans and consumes ~0.5GB/day, device buyer, poor payment reliability""}",9,2022-01-18,"{""creditScore"":640,""totalInvoices"":4,""latePayments"":2,""defaultPayments"":1,""lastDelinquencyDate"":""2024-08-20""}",[27]
10,ind,vikram.iyer@gmail.com,9823456701,active,Vikram,Iyer,TRUE,"{""5gCompatibleDevice"": true, ""customerTenure"": 1.03, ""usageBehaviour"": ""moderate usage, postpaid data and OTT user, subscribed to 5GB/day plans and consumes ~3.5GB/day, excellent payment reliability""}",10,2025-01-19,"{""creditScore"":750,""totalInvoices"":10,""latePayments"":0,""defaultPayments"":0,""lastDelinquencyDate"":null}","[11,14,27]"
11,ind,pradeep.desai@gmail.com,9176543209,active,Pradeep,Desai,TRUE,"{""5gCompatibleDevice"": false, ""customerTenure"": 1.10, ""usageBehaviour"": ""moderate usage, prepaid data and OTT user, purchases 1GB plans and consumes ~0.6GB/day, excellent payment reliability""}",11,2024-12-20,"{""creditScore"":770,""totalInvoices"":13,""latePayments"":0,""defaultPayments"":0,""lastDelinquencyDate"":null}","[16,26]"
12,ind,mansi.verma@outlook.in,8899001122,active,Mansi,Verma,TRUE,"{""5gCompatibleDevice"": true, ""customerTenure"": 0.95, ""usageBehaviour"": ""moderate usage, postpaid data user, subscribed to 3GB/day plans and consumes ~2.4GB/day, premium device buyer, good payment reliability""}",12,2025-02-21,"{""creditScore"":700,""totalInvoices"":9,""latePayments"":1,""defaultPayments"":0,""lastDelinquencyDate"":""2024-11-05""}","[13,18,27]"
13,ind,rohit.kapoor@gmail.com,7999887766,active,Rohit,Kapoor,TRUE,"{""5gCompatibleDevice"": false, ""customerTenure"": 1.02, ""usageBehaviour"": ""low to moderate usage, OTT-focused user, consumes ~1–1.5GB/day primarily on streaming, good payment reliability""}",13,2025-01-22,"{""creditScore"":725,""totalInvoices"":8,""latePayments"":0,""defaultPayments"":0,""lastDelinquencyDate"":null}","[10,26]"
14,ind,geeta.nair@yahoo.in,9485762310,active,Geeta,Nair,TRUE,"{""5gCompatibleDevice"": true, ""customerTenure"": 4.03, ""usageBehaviour"": ""low usage, prepaid data and OTT user, purchases 3GB plans and consumes ~1.7GB/day, poor payment reliability""}",14,2022-01-23,"{""creditScore"":660,""totalInvoices"":6,""latePayments"":2,""defaultPayments"":1,""lastDelinquencyDate"":""2024-09-01""}",[26]
15,ind,shyam.bhat@gmail.com,9078563412,active,Shyam,Bhat,TRUE,"{""5gCompatibleDevice"": false, ""customerTenure"": 1.02, ""usageBehaviour"": ""moderate usage, OTT and FWA user, fixed wireless data consumption ~120GB/month, average payment reliability""}",15,2025-01-24,"{""creditScore"":710,""totalInvoices"":10,""latePayments"":1,""defaultPayments"":0,""lastDelinquencyDate"":""2024-12-10""}","[17,20,26]"
16,ind,meena.soni@gmail.com,8365472901,active,Meena,Soni,TRUE,"{""5gCompatibleDevice"": true, ""customerTenure"": 1.20, ""usageBehaviour"": ""moderate usage, prepaid data and OTT user, purchases 3GB plans and consumes ~2.2GB/day, excellent payment reliability""}",16,2024-11-25,"{""creditScore"":740,""totalInvoices"":11,""latePayments"":0,""defaultPayments"":0,""lastDelinquencyDate"":null}","[21,26]"
17,ind,ramesh.joshi@yahoo.in,7012345987,active,Ramesh,Joshi,TRUE,"{""5gCompatibleDevice"": false, ""customerTenure"": 0.92, ""usageBehaviour"": ""low usage, OTT-focused user, consumes ~0.8–1GB/day, poor payment reliability""}",17,2025-02-26,"{""creditScore"":655,""totalInvoices"":5,""latePayments"":2,""defaultPayments"":1,""lastDelinquencyDate"":""2024-07-18""}",[26]
18,ind,anjali.mishra@gmail.com,9638527410,active,Anjali,Mishra,TRUE,"{""5gCompatibleDevice"": true, ""customerTenure"": 1.01, ""usageBehaviour"": ""moderate usage, premium smartphone user, excellent payment reliability""}",18,2025-01-27,"{""creditScore"":780,""totalInvoices"":15,""latePayments"":0,""defaultPayments"":0,""lastDelinquencyDate"":null}","[15,16,26]"
19,ind,deepak.malhotra@gmail.com,8754693210,active,Deepak,Malhotra,TRUE,"{""5gCompatibleDevice"": true, ""customerTenure"": 0.85, ""usageBehaviour"": ""moderate usage, ultra-premium smartphone user, FWA user and consumes ~30 GB/month, excellent payment reliability""}",19,2025-03-28,"{""creditScore"":760,""totalInvoices"":12,""latePayments"":0,""defaultPayments"":0,""lastDelinquencyDate"":null}","[19,23,26]"
20,ind,pooja.chawla@outlook.in,9123987654,active,Pooja,Chawla,TRUE,"{""5gCompatibleDevice"": true, ""customerTenure"": 1.07, ""usageBehaviour"": ""moderate usage, OTT and broadband user, fixed broadband usage ~150GB/month, average payment reliability""}",20,2025-01-02,"{""creditScore"":705,""totalInvoices"":8,""latePayments"":1,""defaultPayments"":0,""lastDelinquencyDate"":""2024-10-10""}","[24,27]"
21,ind,manoj.singh@gmail.com,6897541230,inactive,Manoj,Singh,TRUE,"{""5gCompatibleDevice"": false, ""customerTenure"": 4.00, ""usageBehaviour"": ""inactive customer, historically low data usage (~0.5GB/day), poor payment reliability""}",21,2022-01-30,"{""creditScore"":630,""totalInvoices"":4,""latePayments"":2,""defaultPayments"":1,""lastDelinquencyDate"":""2023-08-01""}",[26]
22,ind,sanjay.aggarwal@gmail.com,7990123456,active,Sanjay,Aggarwal,TRUE,"{""5gCompatibleDevice"": true, ""customerTenure"": 0.98, ""usageBehaviour"": ""high usage, OTT-heavy user, consumes ~4GB/day on streaming, excellent payment reliability""}",22,2025-02-03,"{""creditScore"":790,""totalInvoices"":18,""latePayments"":0,""defaultPayments"":0,""lastDelinquencyDate"":null}","[22,18,27]"
23,ind,kavita.pillai@yahoo.in,9567812340,inactive,Kavita,Pillai,TRUE,"{""5gCompatibleDevice"": true, ""customerTenure"": 2.95, ""usageBehaviour"": ""inactive customer, previously moderate usage (~1.5GB/day), good payment reliability""}",23,2023-02-01,"{""creditScore"":735,""totalInvoices"":9,""latePayments"":0,""defaultPayments"":0,""lastDelinquencyDate"":null}","[23,27]"
24,ind,amit.bansal@gmail.com,8845123690,active,Amit,Bansal,TRUE,"{""5gCompatibleDevice"": true, ""customerTenure"": 0.85, ""usageBehaviour"": ""moderate usage, premium device buyer, consumes ~2.5GB/day, excellent payment reliability""}",24,2025-03-22,"{""creditScore"":750,""totalInvoices"":11,""latePayments"":0,""defaultPayments"":0,""lastDelinquencyDate"":null}","[25,16,26]"
25,ind,nikhil.khanna@gmail.com,9723401987,inactive,Nikhil,Khanna,TRUE,"{""5gCompatibleDevice"": false, ""customerTenure"": 3.15, ""usageBehaviour"": ""inactive customer, historically low to moderate usage (~1GB/day), average payment reliability""}",25,2022-12-03,"{""creditScore"":720,""totalInvoices"":8,""latePayments"":1,""defaultPayments"":0,""lastDelinquencyDate"":""2023-11-20""}","[16,26]"