addressInventoryID,address,pincode,servicabilityStatus,availableFiberPorts,orphanedPorts,occupiedPorts,maxBandwidth
1,"{""streetNr"":""101"",""streetName"":""MG Road"",""city"":""Hyderabad"",""stateOrProvince"":""Telangana"",""country"":""India""}",500001,RFS,50,2,48,1000
2,"{""streetNr"":""102"",""streetName"":""MG Road"",""city"":""Hyderabad"",""stateOrProvince"":""Telangana"",""country"":""India""}",500001,Near Net,40,0,60,1000
3,"{""streetNr"":""103"",""streetName"":""MG Road"",""city"":""Hyderabad"",""stateOrProvince"":""Telangana"",""country"":""India""}",500001,Not serviceable,0,0,0,0
4,"{""streetNr"":""104"",""streetName"":""MG Road"",""city"":""Hyderabad"",""stateOrProvince"":""Telangana"",""country"":""India""}",500001,RFS,45,1,54,500
5,"{""streetNr"":""105"",""streetName"":""MG Road"",""city"":""Hyderabad"",""stateOrProvince"":""Telangana"",""country"":""India""}",500001,RFS,30,3,67,1000
6,"{""streetNr"":""201"",""streetName"":""Banjara Hills"",""city"":""Hyderabad"",""stateOrProvince"":""Telangana"",""country"":""India""}",500034,RFS,60,5,35,1000
7,"{""streetNr"":""202"",""streetName"":""Banjara Hills"",""city"":""Hyderabad"",""stateOrProvince"":""Telangana"",""country"":""India""}",500034,Near Net,50,2,48,1000
8,"{""streetNr"":""203"",""streetName"":""Banjara Hills"",""city"":""Hyderabad"",""stateOrProvince"":""Telangana"",""country"":""India""}",500034,RFS,45,0,55,500
9,"{""streetNr"":""204"",""streetName"":""Banjara Hills"",""city"":""Hyderabad"",""stateOrProvince"":""Telangana"",""country"":""India""}",500034,Not serviceable,0,0,0,0
10,"{""streetNr"":""205"",""streetName"":""Banjara Hills"",""city"":""Hyderabad"",""stateOrProvince"":""Telangana"",""country"":""India""}",500034,RFS,70,4,30,1000
11,"{""streetNr"":""301"",""streetName"":""Kukatpally"",""city"":""Hyderabad"",""stateOrProvince"":""Telangana"",""country"":""India""}",500072,Near Net,40,0,60,1000
12,"{""streetNr"":""302"",""streetName"":""Kukatpally"",""city"":""Hyderabad"",""stateOrProvince"":""Telangana"",""country"":""India""}",500072,RFS,50,1,49,1000
13,"{""streetNr"":""303"",""streetName"":""Kukatpally"",""city"":""Hyderabad"",""stateOrProvince"":""Telangana"",""country"":""India""}",500072,RFS,55,2,43,1000
14,"{""streetNr"":""304"",""streetName"":""Kukatpally"",""city"":""Hyderabad"",""stateOrProvince"":""Telangana"",""country"":""India""}",500072,Not serviceable,0,0,0,0
15,"{""streetNr"":""305"",""streetName"":""Kukatpally"",""city"":""Hyderabad"",""stateOrProvince"":""Telangana"",""country"":""India""}",500072,RFS,0,0,96,500
16,"{""streetNr"":""401"",""streetName"":""Madhapur"",""city"":""Hyderabad"",""stateOrProvince"":""Telangana"",""country"":""India""}",500081,Near Net,55,2,43,1000
17,"{""streetNr"":""402"",""streetName"":""Madhapur"",""city"":""Hyderabad"",""stateOrProvince"":""Telangana"",""country"":""India""}",500081,Not serviceable,0,0,0,0
18,"{""streetNr"":""403"",""streetName"":""Madhapur"",""city"":""Hyderabad"",""stateOrProvince"":""Telangana"",""country"":""India""}",500081,RFS,50,4,46,1000
19,"{""streetNr"":""404"",""streetName"":""Madhapur"",""city"":""Hyderabad"",""stateOrProvince"":""Telangana"",""country"":""India""}",500081,RFS,0,0,97,1000
20,"{""streetNr"":""405"",""streetName"":""Madhapur"",""city"":""Hyderabad"",""stateOrProvince"":""Telangana"",""country"":""India""}",500081,Near Net,60,1,39,500
21,"{""streetNr"":""501"",""streetName"":""Secunderabad"",""city"":""Hyderabad"",""stateOrProvince"":""Telangana"",""country"":""India""}",500003,Not serviceable,0,0,0,0
22,"{""streetNr"":""502"",""streetName"":""Secunderabad"",""city"":""Hyderabad"",""stateOrProvince"":""Telangana"",""country"":""India""}",500003,Near Net,30,0,70,1000
23,"{""streetNr"":""503"",""streetName"":""Secunderabad"",""city"":""Hyderabad"",""stateOrProvince"":""Telangana"",""country"":""India""}",500003,RFS,40,2,58,1000
24,"{""streetNr"":""504"",""streetName"":""Secunderabad"",""city"":""Hyderabad"",""stateOrProvince"":""Telangana"",""country"":""India""}",500003,Near Net,45,3,50,1000
25,"{""streetNr"":""505"",""streetName"":""Secunderabad"",""city"":""Hyderabad"",""stateOrProvince"":""Telangana"",""country"":""India""}",500003,RFS,35,1,64,500