orderID,state,description,customerId,productDetails,orderDate,paymentDueDate,basePrice,discountId,conditionalOffer,finalPrice
1,completed,Prepaid 4G 1GB daily plan was purchased ,1,"[{""productId"":1,""quantity"":1}]",2026-01-20 10:15,2026-01-21 10:15,199,2,{},179.1
2,pending,Postpaid 5G 3GB plan was purchased,2,"[{""productId"":13,""quantity"":1}]",2026-01-23 12:30,2026-01-24 12:30,899,2,{},809.1
3,completed,FiberLite Prepaid 50 Mbps plan was purchased ,6,"[{""productId"":18,""quantity"":1}]",2026-01-27 14:20,2026-01-28 14:20,299,2,{},269.1
4,pending,Prepaid 4G 1GB Daily plan was purchased ,5,"[{""productId"":1,""quantity"":1}]",2026-01-28 11:50,2026-01-29 11:50,199,2,{},179.1
5,completed,Postpaid 5G 1GB plan was purchased ,6,"[{""productId"":12,""quantity"":1}]",2026-01-25 12:00,2026-01-26 12:00,649,3,{},570.32
6,completed,Prepaid 5G 3GB Daily plan was purchased ,8,"[{""productId"":5,""quantity"":1}]",2026-01-26 15:30,2026-01-27 15:30,549,2,{},494.1
7,completed,Postpaid 5G 5GB plan was purchased ,10,"[{""productId"":14,""quantity"":1}]",2026-01-27 10:00,2026-01-28 10:00,1199,3,{},1055.12
8,completed,Postpaid 5G 3GB plan was purchased ,12,"[{""productId"":13,""quantity"":1}]",2026-01-28 14:45,2026-01-29 14:45,899,3,{},791.12
9,completed,Prepaid 4G 3GB Daily plan was purchased ,16,"[{""productId"":3,""quantity"":1}]",2026-01-29 11:00,2026-01-30 11:00,399,2,{},359.1
10,completed,Prepaid 4G 1GB Daily plan was purchased,3,"[{""productId"":1,""quantity"":1}]",2026-01-28 17:20,2026-01-29 17:20,199,2,{},179.1
11,completed,Prepaid 4G 3GB Daily plan was purchased,7,"[{""productId"":3,""quantity"":1}]",2026-01-28 18:30,2026-01-29 18:30,399,2,{},359.1
12,completed,Prepaid 4G 2GB Daily plan was purchased,9,"[{""productId"":2,""quantity"":1}]",2026-01-29 10:40,2026-01-30 10:40,299,2,{},269.1
13,completed,Prepaid 4G 3GB Daily plan was purchased,4,"[{""productId"":3,""quantity"":1}]",2026-01-30 11:00,2026-01-31 11:00,399,2,{},359.1
14,completed,Prepaid 4G 1GB Daily plan was purchased,11,"[{""productId"":1,""quantity"":1}]",2026-01-30 17:45,2026-01-31 17:45,199,2,{},179.1
15,completed,Prepaid 4G 3GB Daily plan was purchased,14,"[{""productId"":3,""quantity"":1}]",2026-01-30 19:00,2026-01-31 19:00,399,2,{},359.1
16,completed,OTT Subscription for Amazon Prime was purchased,15,"[{""productId"":22,""quantity"":1}]",2026-01-31 10:15,2026-02-01 10:15,299,2,{},263.12
17,completed,OTT Subscription for Amazon Prime was purchased,16,"[{""productId"":27,""quantity"":1}]",2026-01-31 11:20,2026-02-01 11:20,299,3,{},263.12
18,completed,OTT Subscription for Disney+ was purchased,17,"[{""productId"":28,""quantity"":1}]",2026-01-31 12:00,2026-02-01 12:00,399,2,{},359.1
19,completed,Xiaomi Mi 11 was purchased,18,"[{""productId"":23,""quantity"":1}]",2026-01-31 13:30,2026-02-01 13:30,7499,3,{},6599.12
20,completed,Apple iPhone 12 Pro was purchased,19,"[{""productId"":25,""quantity"":1}]",2026-01-31 14:15,2026-02-01 14:15,109999,2,{},98999.1
21,completed,OTT Subscription for Netflix Basic Plan was purchased,20,"[{""productId"":26,""quantity"":1}]",2026-01-31 15:00,2026-02-01 15:00,199,3,{},175.12
22,completed,OTT Subscription for HBO Max was purchased,22,"[{""productId"":31,""quantity"":1}]",2026-01-31 17:30,2026-02-01 17:30,499,2,{},449.1
23,completed,Samsung Galaxy S21 was purchased,24,"[{""productId"":21,""quantity"":1}]",2026-01-31 19:00,2026-02-01 19:00,7999,2,{},7199.1
24,completed,Xiaomi Mi 11 was purchased,1,"[{""productId"":23,""quantity"":1}]",2026-01-31 13:30,2026-02-01 13:30,7499,3,{},6599.12
25,completed,Apple iPhone 12 Pro was purchased,2,"[{""productId"":25,""quantity"":1}]",2026-01-31 14:15,2026-02-01 14:15,109999,2,{},98999.1
26,completed,Samsung Galaxy S21 was purchased,3,"[{""productId"":21,""quantity"":1}]",2026-01-31 19:00,2026-02-01 19:00,7999,2,{},7199.1
27,completed,Apple iPhone 12 Pro was purchased,4,"[{""productId"":25,""quantity"":1}]",2026-01-31 14:15,2026-02-01 14:15,109999,2,{},98999.1
28,completed,Xiaomi Mi 11 was purchased,9,"[{""productId"":23,""quantity"":1}]",2026-01-31 13:30,2026-02-01 13:30,7499,3,{},6599.12
29,completed,Samsung Galaxy S21 was purchased,6,"[{""productId"":21,""quantity"":1}]",2026-01-31 19:00,2026-02-01 19:00,7999,2,{},7199.1
30,completed,Apple iPhone 12 Pro was purchased,12,"[{""productId"":25,""quantity"":1}]",2026-01-31 14:15,2026-02-01 14:15,109999,2,{},98999.1
31,completed,OTT Subscription for Netflix Basic Plan was purchased,8,"[{""productId"":26,""quantity"":1}]",2026-01-31 10:15,2026-02-01 10:15,199,2,{},179.1
32,completed,OTT Subscription for Amazon Prime was purchased,9,"[{""productId"":27,""quantity"":1}]",2026-01-31 11:20,2026-02-01 11:20,299,3,{},263.12
33,completed,OTT Subscription for Disney+ was purchased,10,"[{""productId"":28,""quantity"":1}]",2026-01-31 12:00,2026-02-01 12:00,399,2,{},359.1
34,completed,OTT Subscription for Netflix Basic Plan was purchased,11,"[{""productId"":26,""quantity"":1}]",2026-01-31 10:15,2026-02-01 10:15,199,2,{},179.1
35,completed,OTT Subscription for HBO Max was purchased,12,"[{""productId"":31,""quantity"":1}]",2026-01-31 17:30,2026-02-01 17:30,499,2,{},449.1
36,completed,OTT Subscription for Amazon Prime was purchased,13,"[{""productId"":27,""quantity"":1}]",2026-01-31 11:20,2026-02-01 11:20,299,3,{},263.12
37,completed,OTT Subscription for Netflix Basic Plan was purchased,14,"[{""productId"":26,""quantity"":1}]",2026-01-31 10:15,2026-02-01 10:15,199,2,{},179.1
38,completed,OTT Subscription for Netflix Basic Plan was purchased,15,"[{""productId"":26,""quantity"":1}]",2026-01-31 10:15,2026-02-01 10:15,199,2,{},179.1
39,completed,OTT Subscription for Disney+ was purchased,16,"[{""productId"":28,""quantity"":1}]",2026-01-31 12:00,2026-02-01 12:00,399,2,{},359.1
40,completed,OTT Subscription for HBO Max was purchased,17,"[{""productId"":31,""quantity"":1}]",2026-01-31 17:30,2026-02-01 17:30,499,2,{},449.1
41,pending,Postpaid 5G FWA 200GB plan was provisioned as fallback for requested FiberPro Postpaid 300 Mbps,20,"[{""productId"":8,""quantity"":1}]",2026-01-21 9:30,2026-01-22 9:30,2499,15,"{""requestedProductID"":16,""fallbackProductID"":8,""conditionType"":""nearnet"",""transitionWaitPeriod"":90}",1749.3
42,pending,Prepaid 5G FWA 100GB plan was provisioned as fallback for requested FiberPlus Postpaid 100 Mbps,15,"[{""productId"":7,""quantity"":1}]",2026-01-21 11:15,2026-01-22 11:15,1299,15,"{""requestedProductID"":15,""fallbackProductID"":7,""conditionType"":""port exhaustion"",""transitionWaitPeriod"":60}",909.3
43,pending,Postpaid 5G FWA 500GB plan was provisioned as fallback for requested FiberMax Postpaid 500 Mbps,19,"[{""productId"":9,""quantity"":1}]",2026-01-21 14:45,2026-01-22 14:45,4499,15,"{""requestedProductID"":17,""fallbackProductID"":9,""conditionType"":""port exhaustion"",""transitionWaitPeriod"":45}",3149.3